{
	"class_name" : "PinholeCameraParameters",
	"extrinsic" : 
	[
		-0.030025090137763492,
		-0.46756471738925087,
		0.88344876988704291,
		0.0,
		-0.96114338962685397,
		-0.22914223121987426,
		-0.15393902185014441,
		0.0,
		0.27441187754691071,
		-0.85374297825767675,
		-0.44251672119468166,
		0.0,
		0.99040031396871164,
		1.0584179027983955,
		17.810937427638503,
		1.0
	],
	"intrinsic" : 
	{
		"height" : 1016,
		"intrinsic_matrix" : 
		[
			879.88181024498977,
			0.0,
			0.0,
			0.0,
			879.88181024498977,
			0.0,
			924.5,
			507.5,
			1.0
		],
		"width" : 1850
	},
	"version_major" : 1,
	"version_minor" : 0
}